country,date,daily_vaccinations,total_vaccinations,people_vaccinated,people_fully_vaccinated,population
Albania,10/10/2021,,,,,
Albania,10/11/2021,,1803799,,834469,
Albania,10/12/2021,6634,1810433,968117,842316,
Albania,10/13/2021,6147,1816580,970703,845877,2872972
Albania,10/14/2021,,,,,
Albania,10/15/2021,,,,,
Albania,10/16/2021,,,,,
Angola,10/10/2021,,,,,
Angola,10/11/2021,,,,,
Angola,10/12/2021,,,,,
Angola,10/13/2021,,,,,
Angola,10/14/2021,,4448653,3158501,1290152,33933280
Angola,10/15/2021,,,,,
Angola,10/16/2021,,,,,
Anguilla,10/10/2021,,,,,
Anguilla,10/11/2021,,,,,
Anguilla,10/12/2021,,,,,
Anguilla,10/13/2021,,,,,
Anguilla,10/14/2021,,,,,
Anguilla,10/15/2021,,18705,9548,9157,15125
Anguilla,10/16/2021,,,,,
Antigua and Barbuda,10/10/2021,,,,,
Antigua and Barbuda,10/11/2021,,,,,
Antigua and Barbuda,10/12/2021,,,,,
Antigua and Barbuda,10/13/2021,,99846,54758,45088,98731
Antigua and Barbuda,10/14/2021,,,,,
Antigua and Barbuda,10/15/2021,,,,,
Antigua and Barbuda,10/16/2021,,,,,
Argentina,10/10/2021,160655,53980661,30244964,23813404,
Argentina,10/11/2021,135233,54115894,30265200,23928986,
Argentina,10/12/2021,,54115894,,,
Argentina,10/13/2021,,54353322,30398941,24034055,
Argentina,10/14/2021,361598,54714920,30629612,24167049,
Argentina,10/15/2021,388787,55103707,30878639,24308860,
Argentina,10/16/2021,501961,55605668,31177414,24514822,45604583
Armenia,10/10/2021,,,,,
Armenia,10/11/2021,,514241,344029,170212,2967346
Armenia,10/12/2021,,,,,
Armenia,10/13/2021,,,,,
Armenia,10/14/2021,,,,,
Armenia,10/15/2021,,,,,
Armenia,10/16/2021,,,,,
Aruba,10/10/2021,185,157541,81871,75670,
Aruba,10/11/2021,,157541,,75670,
Aruba,10/12/2021,,157665,81916,75749,
Aruba,10/13/2021,201,157866,81987,75879,
Aruba,10/14/2021,86,157952,82015,75937,
Aruba,10/15/2021,113,158065,82054,76011,107192
Aruba,10/16/2021,,,,,
Austria,10/10/2021,2173,11095432,5787527,5488111,
Austria,10/11/2021,13608,11109040,5790442,5492983,
Austria,10/12/2021,21508,11130548,5795168,5500412,
Austria,10/13/2021,26429,11156977,5800384,5508499,
Austria,10/14/2021,24417,11181394,5805526,5516174,
Austria,10/15/2021,26618,11208012,5811639,5526943,
Austria,10/16/2021,10233,11218245,5814680,5531374,9043326
Azerbaijan,10/10/2021,33833,8996778,4889178,4107600,
Azerbaijan,10/11/2021,511,8997289,4889404,4107885,
Azerbaijan,10/12/2021,39810,9037099,4903419,4133680,
Azerbaijan,10/13/2021,,9037099,,4133680,
Azerbaijan,10/14/2021,,9106934,4929657,4177277,
Azerbaijan,10/15/2021,31417,9138351,4942003,4196348,10223013
Azerbaijan,10/16/2021,,9138351,,4196348,
Bahamas,10/10/2021,,,,,
Bahamas,10/11/2021,,,,,
Bahamas,10/12/2021,,,,,
Bahamas,10/13/2021,,,,,
Bahamas,10/14/2021,,,,,
Bahamas,10/15/2021,,238432,133591,110710,396924
Bahamas,10/16/2021,,,,,
Bahrain,10/10/2021,8923,2660632,1168404,1128869,
Bahrain,10/11/2021,8943,2669575,1168806,1129802,
Bahrain,10/12/2021,7498,2677073,1169414,1130624,
Bahrain,10/13/2021,7192,2684265,1169744,1131303,
Bahrain,10/14/2021,7246,2691511,1170200,1132032,
Bahrain,10/15/2021,4260,2695771,1170371,1132352,
Bahrain,10/16/2021,4334,2700105,1170546,1132855,1748320
Bangladesh,10/10/2021,910415,54191063,36162135,18028928,
Bangladesh,10/11/2021,607923,54798986,36580037,18218949,
Bangladesh,10/12/2021,480836,55279822,36897472,18382350,
Bangladesh,10/13/2021,444078,55723900,37180111,18543789,
Bangladesh,10/14/2021,395044,56118944,37436111,18682833,
Bangladesh,10/15/2021,,56118944,,18682833,
Bangladesh,10/16/2021,,56133021,37450120,18682901,166320063
Barbados,10/10/2021,790,254344,142182,112162,
Barbados,10/11/2021,1301,255645,142623,113022,
Barbados,10/12/2021,1356,257001,143151,113850,
Barbados,10/13/2021,1230,258231,143661,114570,
Barbados,10/14/2021,,258231,,114570,
Barbados,10/15/2021,,260653,144569,116084,
Barbados,10/16/2021,842,261495,144981,116514,287705
Belarus,10/10/2021,,4218130,2468546,1749584,9442870
Belarus,10/11/2021,,,,,
Belarus,10/12/2021,,,,,
Belarus,10/13/2021,,,,,
Belarus,10/14/2021,,,,,
Belarus,10/15/2021,,,,,
Belarus,10/16/2021,,,,,
Belgium,10/10/2021,319,16716431,8634272,8473480,
Belgium,10/11/2021,4987,16721418,8636694,8476367,
Belgium,10/12/2021,6533,16727951,8639957,8480102,
Belgium,10/13/2021,9622,16737573,8643487,8486736,
Belgium,10/14/2021,4091,16741664,8645665,8489064,11632619
Belgium,10/15/2021,,,,,
Belgium,10/16/2021,,,,,
Benin,10/10/2021,,,,,
Benin,10/11/2021,,,,,
Benin,10/12/2021,,252698,216527,186951,12448178
Benin,10/13/2021,,,,,
Benin,10/14/2021,,,,,
Benin,10/15/2021,,,,,
Benin,10/16/2021,,,,,
Bermuda,10/10/2021,,,,,
Bermuda,10/11/2021,,,,,
Bermuda,10/12/2021,,,,,
Bermuda,10/13/2021,,,,,
Bermuda,10/14/2021,,,,,
Bermuda,10/15/2021,,88417,45017,43400,62091
Bermuda,10/16/2021,,,,,
Bhutan,10/10/2021,,1087753,585479,502274,779919
Bhutan,10/11/2021,,,,,
Bhutan,10/12/2021,,,,,
Bhutan,10/13/2021,,,,,
Bhutan,10/14/2021,,,,,
Bhutan,10/15/2021,,,,,
Bhutan,10/16/2021,,,,,
Botswana,10/10/2021,,,,,
Botswana,10/11/2021,,,,,
Botswana,10/12/2021,,,,,
Botswana,10/13/2021,,,,,
Botswana,10/14/2021,,783999,525739,258260,2397551
Botswana,10/15/2021,,,,,
Botswana,10/16/2021,,,,,
Brazil,10/10/2021,1138680,249340259,154414034,99584719,
Brazil,10/11/2021,,249340259,,99584719,
Brazil,10/12/2021,,249340259,,99584719,
Brazil,10/13/2021,,249340259,,99584719,
Brazil,10/14/2021,,250811841,154852830,100632085,
Brazil,10/15/2021,5613461,256425302,156046285,105171980,213990906
Brazil,10/16/2021,,256425302,,105171980,
Brunei,10/10/2021,,542019,330410,211609,
Brunei,10/11/2021,,542019,,211609,
Brunei,10/12/2021,,552265,335650,216615,
Brunei,10/13/2021,,552265,,216615,
Brunei,10/14/2021,,563695,339667,224028,441526
Brunei,10/15/2021,,,,,
Brunei,10/16/2021,,,,,
Bulgaria,10/10/2021,1219,2588714,,1361629,
Bulgaria,10/11/2021,5165,2593879,,1365088,
Bulgaria,10/12/2021,7669,2601548,,1369817,
Bulgaria,10/13/2021,5548,2607096,,1372723,
Bulgaria,10/14/2021,8058,2615154,,1377516,
Bulgaria,10/15/2021,8629,2623783,,1382469,
Bulgaria,10/16/2021,2925,2626708,,1383964,6896057
Cambodia,10/10/2021,189734,24861031,13492406,11498517,
Cambodia,10/11/2021,301495,25162526,13510285,11724361,
Cambodia,10/12/2021,324159,25486685,13527978,11941520,
Cambodia,10/13/2021,285711,25772396,13545823,12131297,
Cambodia,10/14/2021,253194,26025590,13561866,12298389,
Cambodia,10/15/2021,210346,26235936,13574139,12432963,
Cambodia,10/16/2021,202889,26438825,13585319,12541420,16946879
Cameroon,10/10/2021,,,,,
Cameroon,10/11/2021,,479521,395570,140494,27245512
Cameroon,10/12/2021,,,,,
Cameroon,10/13/2021,,,,,
Cameroon,10/14/2021,,,,,
Cameroon,10/15/2021,,,,,
Cameroon,10/16/2021,,,,,
Canada,10/10/2021,49548,57069440,29362882,27430036,
Canada,10/11/2021,27686,57097126,29374455,27446149,
Canada,10/12/2021,123655,57220781,29425814,27499597,
Canada,10/13/2021,89992,57310773,29441122,27548086,
Canada,10/14/2021,100961,57411734,29474648,27599773,
Canada,10/15/2021,100370,57512104,29516286,27649486,
Canada,10/16/2021,50601,57562705,29532990,27681160,38068055
Cayman Islands,10/10/2021,,,,,
Cayman Islands,10/11/2021,,,,,
Cayman Islands,10/12/2021,,109302,55654,55654,
Cayman Islands,10/13/2021,366,109668,55723,55723,
Cayman Islands,10/14/2021,251,109919,55780,55780,66497
Cayman Islands,10/15/2021,,,,,
Cayman Islands,10/16/2021,,,,,
Central African Republic,10/10/2021,,,,,
Central African Republic,10/11/2021,,,,,
Central African Republic,10/12/2021,,,,,
Central African Republic,10/13/2021,,,,,
Central African Republic,10/14/2021,,255345,245444,9901,4919943
Central African Republic,10/15/2021,,,,,
Central African Republic,10/16/2021,,,,,
Chad,10/10/2021,,,,,
Chad,10/11/2021,,183351,146669,36682,16976945
Chad,10/12/2021,,,,,
Chad,10/13/2021,,,,,
Chad,10/14/2021,,,,,
Chad,10/15/2021,,,,,
Chad,10/16/2021,,,,,
Chile,10/10/2021,392,33388443,15918062,14216478,
Chile,10/11/2021,1463,33389906,15918580,14216726,
Chile,10/12/2021,208530,33598436,15976574,14276506,
Chile,10/13/2021,221139,33819575,16034474,14325911,
Chile,10/14/2021,191339,34010914,16083857,14355056,
Chile,10/15/2021,117563,34128477,16111504,14366309,19212158
Chile,10/16/2021,,,,,
China,10/10/2021,1117000,2221245000,,,
China,10/11/2021,1421000,2222666000,,,
China,10/12/2021,1415000,2224081000,,,
China,10/13/2021,1423000,2225504000,,,
China,10/14/2021,1830000,2227334000,,,
China,10/15/2021,1878000,2229212000,,,
China,10/16/2021,1355000,2230567000,,,1444200065
Colombia,10/10/2021,121977,43007509,27885125,18593793,
Colombia,10/11/2021,307941,43315450,28016960,18815492,
Colombia,10/12/2021,292695,43608145,28166163,19007794,
Colombia,10/13/2021,273573,43881718,28300881,19199704,
Colombia,10/14/2021,255399,44137117,28433989,19370919,51268576
Colombia,10/15/2021,,,,,
Colombia,10/16/2021,,,,,
Congo,10/10/2021,,,,,
Congo,10/11/2021,,,,,
Congo,10/12/2021,,,,,
Congo,10/13/2021,,,,,
Congo,10/14/2021,,398685,279091,119594,5655107
Congo,10/15/2021,,,,,
Congo,10/16/2021,,,,,
Costa Rica,10/10/2021,,,,,
Costa Rica,10/11/2021,,5921089,3525260,2395829,5138943
Costa Rica,10/12/2021,,,,,
Costa Rica,10/13/2021,,,,,
Costa Rica,10/14/2021,,,,,
Costa Rica,10/15/2021,,,,,
Costa Rica,10/16/2021,,,,,
Cote d'Ivoire,10/10/2021,,,,,
Cote d'Ivoire,10/11/2021,,2578266,1970527,607739,27054208
Cote d'Ivoire,10/12/2021,,,,,
Cote d'Ivoire,10/13/2021,,,,,
Cote d'Ivoire,10/14/2021,,,,,
Cote d'Ivoire,10/15/2021,,,,,
Cote d'Ivoire,10/16/2021,,,,,
Croatia,10/10/2021,616,3486793,1852899,1633894,
Croatia,10/11/2021,4432,3491225,1855439,1737752,
Croatia,10/12/2021,5747,3496972,1858610,1741129,
Croatia,10/13/2021,6144,3503116,1861783,1744717,
Croatia,10/14/2021,7507,3510623,1865665,1749058,
Croatia,10/15/2021,5990,3516613,1868374,1752644,
Croatia,10/16/2021,3395,3520008,1870176,1754676,4081642
Cuba,10/10/2021,106623,22982472,9628835,6238972,
Cuba,10/11/2021,166570,23149042,9636551,6355943,
Cuba,10/12/2021,248510,23397552,9654453,6500743,
Cuba,10/13/2021,230815,23628367,9671500,6611807,
Cuba,10/14/2021,292547,23920914,9688764,6689090,
Cuba,10/15/2021,241180,24162094,9704167,6748348,11317671
Cuba,10/16/2021,,,,,
Curacao,10/10/2021,53,188871,98611,90260,
Curacao,10/11/2021,,188871,,90260,
Curacao,10/12/2021,,188871,,90260,
Curacao,10/13/2021,,189304,98872,90432,
Curacao,10/14/2021,,189304,,90432,
Curacao,10/15/2021,,189909,99245,90664,164795
Curacao,10/16/2021,,189909,,90664,
Cyprus,10/10/2021,,1182072,598723,562207,
Cyprus,10/11/2021,4419,1186491,599052,563053,
Cyprus,10/12/2021,2397,1188888,599337,563454,
Cyprus,10/13/2021,,1188888,,563454,
Cyprus,10/14/2021,,1193859,599781,564181,896022
Cyprus,10/15/2021,,,,,
Cyprus,10/16/2021,,,,,
Czechia,10/10/2021,1488,11870143,6109923,6003034,
Czechia,10/11/2021,6434,11876577,6112756,6007339,
Czechia,10/12/2021,5710,11882287,6115344,6011103,
Czechia,10/13/2021,6425,11888712,6118602,6015049,
Czechia,10/14/2021,7180,11895892,6122033,6019832,
Czechia,10/15/2021,9251,11905143,6126729,6025524,
Czechia,10/16/2021,2185,11907328,6127921,6026901,10724425
Denmark,10/10/2021,,8804552,4461639,4387252,
Denmark,10/11/2021,1172,8805724,4462389,4388625,
Denmark,10/12/2021,3004,8808728,4463529,4390893,
Denmark,10/13/2021,2766,8811494,4464651,4392869,
Denmark,10/14/2021,2197,8813691,4465486,4394501,5813397
Denmark,10/15/2021,,,,,
Denmark,10/16/2021,,,,,
Dominica,10/10/2021,,,,,
Dominica,10/11/2021,,,,,
Dominica,10/12/2021,,,,,
Dominica,10/13/2021,,,,,
Dominica,10/14/2021,,,,,
Dominica,10/15/2021,,48830,26806,22024,72170
Dominica,10/16/2021,,,,,
Dominican Republic,10/10/2021,8649,12125221,6134235,4973191,
Dominican Republic,10/11/2021,49311,12174532,6155094,4988709,
Dominican Republic,10/12/2021,55248,12229780,6177844,5006400,
Dominican Republic,10/13/2021,61965,12291745,6202706,5027184,
Dominican Republic,10/14/2021,71678,12363423,6234415,5050180,
Dominican Republic,10/15/2021,71189,12434612,6270413,5071130,
Dominican Republic,10/16/2021,37514,12472126,6290568,5082077,10953914
Ecuador,10/10/2021,763,21165186,11567583,9984970,
Ecuador,10/11/2021,42817,21208003,11598188,9999427,
Ecuador,10/12/2021,46559,21254562,11635235,10010755,
Ecuador,10/13/2021,44181,21298743,11671714,10020281,
Ecuador,10/14/2021,47416,21346159,11708111,10032731,17888343
Ecuador,10/15/2021,,,,,
Ecuador,10/16/2021,,,,,
El Salvador,10/10/2021,,7947486,4188803,3555188,
El Salvador,10/11/2021,47306,7994792,4199362,3571027,
El Salvador,10/12/2021,37140,8031932,4208954,3579009,
El Salvador,10/13/2021,30384,8062316,4218112,3582553,
El Salvador,10/14/2021,34462,8096778,4227768,3588788,6518621
El Salvador,10/15/2021,,8096778,,3588788,
El Salvador,10/16/2021,,8096778,,3588788,
England,10/10/2021,24754,79084966,41209509,37875457,
England,10/11/2021,43582,79128548,41232741,37895807,
England,10/12/2021,53083,79181631,41263377,37918254,
England,10/13/2021,57143,79238774,41295692,37943082,
England,10/14/2021,61674,79300448,41333877,37966571,
England,10/15/2021,61264,79361712,41369761,37991951,
England,10/16/2021,50175,79411887,41389496,38022391,56549090
Equatorial Guinea,10/10/2021,,,,,
Equatorial Guinea,10/11/2021,,,,,
Equatorial Guinea,10/12/2021,,414506,236045,178461,1449829
Equatorial Guinea,10/13/2021,,,,,
Equatorial Guinea,10/14/2021,,,,,
Equatorial Guinea,10/15/2021,,,,,
Equatorial Guinea,10/16/2021,,,,,
Estonia,10/10/2021,1212,1388915,765660,719467,
Estonia,10/11/2021,1651,1390566,766280,720774,
Estonia,10/12/2021,1990,1392556,767054,722286,
Estonia,10/13/2021,1697,1394253,767863,723520,
Estonia,10/14/2021,2004,1396257,768890,724887,
Estonia,10/15/2021,2440,1398697,770180,726544,
Estonia,10/16/2021,1135,1399832,770808,727290,1325223
Eswatini,10/10/2021,,258552,227080,219736,
Eswatini,10/11/2021,7504,266056,232472,225042,1172570
Eswatini,10/12/2021,,,,,
Eswatini,10/13/2021,,,,,
Eswatini,10/14/2021,,,,,
Eswatini,10/15/2021,,,,,
Eswatini,10/16/2021,,,,,
Ethiopia,10/10/2021,5075,3879071,2958714,920357,
Ethiopia,10/11/2021,20287,3899358,2973677,925681,
Ethiopia,10/12/2021,19627,3918985,2993304,925681,
Ethiopia,10/13/2021,12386,3931371,3005299,926072,
Ethiopia,10/14/2021,24122,3955493,3018566,936927,
Ethiopia,10/15/2021,21158,3976651,3035218,941433,
Ethiopia,10/16/2021,8898,3985549,3040483,945066,117915651
Faeroe Islands,10/10/2021,,75390,38663,36727,
Faeroe Islands,10/11/2021,129,75519,38719,36800,
Faeroe Islands,10/12/2021,,75519,,36800,
Faeroe Islands,10/13/2021,,75647,38770,36877,
Faeroe Islands,10/14/2021,,75647,,36877,
Faeroe Islands,10/15/2021,,75867,38890,36977,49055
Faeroe Islands,10/16/2021,,,,,
Fiji,10/10/2021,,,,,
Fiji,10/11/2021,,,,,
Fiji,10/12/2021,,1090963,594872,496091,902891
Fiji,10/13/2021,,,,,
Fiji,10/14/2021,,,,,
Fiji,10/15/2021,,,,,
Fiji,10/16/2021,,,,,
Finland,10/10/2021,5100,7786863,4163232,3623631,
Finland,10/11/2021,,7786863,,3623631,
Finland,10/12/2021,,7788689,4163606,3625083,
Finland,10/13/2021,24337,7813026,4167326,3645700,
Finland,10/14/2021,20042,7833068,4170859,3662209,
Finland,10/15/2021,30246,7863314,4176787,3686527,
Finland,10/16/2021,21621,7884935,4181337,3703598,5548474
France,10/10/2021,13908,96320776,50661426,45085000,
France,10/11/2021,135558,96456334,50688074,45134670,
France,10/12/2021,149870,96606204,50716174,45188766,
France,10/13/2021,170917,96777121,50753159,45250957,
France,10/14/2021,143854,96920975,50780417,45303504,67564291
France,10/15/2021,,,,,
France,10/16/2021,,,,,
French Polynesia,10/10/2021,,,,,
French Polynesia,10/11/2021,,,,,
French Polynesia,10/12/2021,,298182,154058,144124,282530
French Polynesia,10/13/2021,,,,,
French Polynesia,10/14/2021,,,,,
French Polynesia,10/15/2021,,,,,
French Polynesia,10/16/2021,,,,,
Gabon,10/10/2021,,,,,
Gabon,10/11/2021,,,,,
Gabon,10/12/2021,,,,,
Gabon,10/13/2021,,,,,
Gabon,10/14/2021,,206373,120033,86340,2277848
Gabon,10/15/2021,,,,,
Gabon,10/16/2021,,,,,
Georgia,10/10/2021,12092,1874845,1000785,874060,
Georgia,10/11/2021,7273,1882118,1002488,879630,
Georgia,10/12/2021,,1882118,,879630,
Georgia,10/13/2021,,1889200,1004298,884902,
Georgia,10/14/2021,10738,1899938,1007528,892410,3979762
Georgia,10/15/2021,,,,,
Georgia,10/16/2021,,,,,
Germany,10/10/2021,16398,109068200,57003549,54275875,
Germany,10/11/2021,92935,109161135,57032434,54320633,
Germany,10/12/2021,173809,109334944,57080843,54401359,
Germany,10/13/2021,200131,109535075,57134444,54492125,
Germany,10/14/2021,200426,109735501,57187586,54584569,
Germany,10/15/2021,156540,109892041,57231090,54658274,83899864
Germany,10/16/2021,,,,,
Gibraltar,10/10/2021,,,,,
Gibraltar,10/11/2021,,79927,39955,39698,
Gibraltar,10/12/2021,664,80591,39959,39714,
Gibraltar,10/13/2021,489,81080,39961,39725,
Gibraltar,10/14/2021,425,81505,39964,39740,
Gibraltar,10/15/2021,461,81966,39970,39751,33691
Gibraltar,10/16/2021,,81966,,39751,
Greece,10/10/2021,1127,12298000,6497378,6244676,
Greece,10/11/2021,17494,12315494,6504849,6255864,
Greece,10/12/2021,16374,12331868,6512506,6265696,
Greece,10/13/2021,15148,12347016,6519901,6274643,
Greece,10/14/2021,13230,12360246,6526782,6282022,
Greece,10/15/2021,16109,12376355,6534774,6291146,
Greece,10/16/2021,17105,12393460,6542732,6301143,10371097
Greenland,10/10/2021,,,,,
Greenland,10/11/2021,,76359,39951,36408,
Greenland,10/12/2021,46,76405,39960,36445,
Greenland,10/13/2021,65,76470,39988,36482,
Greenland,10/14/2021,102,76572,40002,36570,
Greenland,10/15/2021,65,76637,40015,36622,56870
Greenland,10/16/2021,,,,,
Guatemala,10/10/2021,31948,7650606,4844170,2806436,
Guatemala,10/11/2021,77944,7728550,4883066,2845484,
Guatemala,10/12/2021,81352,7809902,4926983,2882919,
Guatemala,10/13/2021,71289,7881191,4966834,2914357,
Guatemala,10/14/2021,63018,7944209,4999319,2944890,
Guatemala,10/15/2021,66403,8010612,5034882,2975730,
Guatemala,10/16/2021,25998,8036610,5047669,2988941,18248434
Guernsey,10/10/2021,,,,,
Guernsey,10/11/2021,,,,,
Guernsey,10/12/2021,,,,,
Guernsey,10/13/2021,,102340,,,67052
Guernsey,10/14/2021,,,,,
Guernsey,10/15/2021,,,,,
Guernsey,10/16/2021,,,,,
Guinea,10/10/2021,,1902897,1286118,616779,
Guinea,10/11/2021,,1902897,,616779,
Guinea,10/12/2021,,1925558,1298461,627097,
Guinea,10/13/2021,57128,1982686,1337669,645017,
Guinea,10/14/2021,27737,2010423,1355165,655258,13492772
Guinea,10/15/2021,,,,,
Guinea,10/16/2021,,,,,
Guinea-Bissau,10/10/2021,,,,,
Guinea-Bissau,10/11/2021,,,,,
Guinea-Bissau,10/12/2021,,120641,111131,9513,2014041
Guinea-Bissau,10/13/2021,,,,,
Guinea-Bissau,10/14/2021,,,,,
Guinea-Bissau,10/15/2021,,,,,
Guinea-Bissau,10/16/2021,,,,,
Guyana,10/10/2021,,,,,
Guyana,10/11/2021,,,,,
Guyana,10/12/2021,,593900,368850,225050,
Guyana,10/13/2021,2626,596526,369877,226649,790311
Guyana,10/14/2021,,,,,
Guyana,10/15/2021,,,,,
Guyana,10/16/2021,,,,,
Haiti,10/10/2021,,96073,69379,27035,
Haiti,10/11/2021,,96073,,27035,
Haiti,10/12/2021,,96073,,27035,
Haiti,10/13/2021,,96073,,27035,
Haiti,10/14/2021,,96073,,27035,
Haiti,10/15/2021,,102168,73568,28941,11479551
Haiti,10/16/2021,,,,,
Honduras,10/10/2021,,,,,
Honduras,10/11/2021,,,,,
Honduras,10/12/2021,,,,,
Honduras,10/13/2021,,,,,
Honduras,10/14/2021,,,,,
Honduras,10/15/2021,,6058428,3520903,2537900,10062163
Honduras,10/16/2021,,,,,
Hong Kong,10/10/2021,18508,8819978,4535379,4284599,
Hong Kong,10/11/2021,15442,8835420,4540861,4294559,
Hong Kong,10/12/2021,8497,8843917,4543684,4300233,
Hong Kong,10/13/2021,217,8844134,4543723,4300411,
Hong Kong,10/14/2021,11366,8855500,4547061,4308439,
Hong Kong,10/15/2021,19479,8874979,4552607,4322372,
Hong Kong,10/16/2021,18511,8893490,4558764,4334726,7552858
Hungary,10/10/2021,,,5909819,5679589,
Hungary,10/11/2021,,,5911737,5682396,
Hungary,10/12/2021,,,5913862,5685596,
Hungary,10/13/2021,,,5916769,5689371,
Hungary,10/14/2021,,,5919930,5694336,
Hungary,10/15/2021,,,,,
Hungary,10/16/2021,,,,,
Iceland,10/10/2021,,,,,
Iceland,10/11/2021,,,,,
Iceland,10/12/2021,,,,,
Iceland,10/13/2021,,,,,
Iceland,10/14/2021,,562426,282338,277837,343362
Iceland,10/15/2021,,,,,
Iceland,10/16/2021,,,,,
India,10/10/2021,8105914,951139832,683498355,267641477,
India,10/11/2021,3768263,954908095,685337489,269570606,
India,10/12/2021,6431534,961339629,688686928,272652701,
India,10/13/2021,4564718,965904347,690968314,274936033,
India,10/14/2021,2457704,968362051,692134805,276227246,
India,10/15/2021,2801396,971163447,693416137,277747310,
India,10/16/2021,1522695,972686142,693992112,278694030,1393333537
Indonesia,10/10/2021,1429314,157711272,100189038,57522234,
Indonesia,10/11/2021,218303,157929575,100322375,57607200,
Indonesia,10/12/2021,1838899,159768474,101362894,58405580,
Indonesia,10/13/2021,2328841,162097315,102685817,59411498,
Indonesia,10/14/2021,2633460,164730775,104308702,60422073,
Indonesia,10/15/2021,2130966,166861741,105464686,61397055,
Indonesia,10/16/2021,1975145,168836886,106669970,62166916,276374016
Iran,10/10/2021,,64401471,45075271,19326200,85029669
Iran,10/11/2021,,,,,
Iran,10/12/2021,,,,,
Iran,10/13/2021,,,,,
Iran,10/14/2021,,,,,
Iran,10/15/2021,,,,,
Iran,10/16/2021,,,,,
Ireland,10/10/2021,1339,7264957,3785185,3715819,
Ireland,10/11/2021,2061,7267018,3785723,3717362,
Ireland,10/12/2021,2830,7269848,3786662,3719261,
Ireland,10/13/2021,2071,7271919,3787313,3720688,
Ireland,10/14/2021,2824,7274743,3788213,3722616,
Ireland,10/15/2021,3859,7278602,3789540,3725159,
Ireland,10/16/2021,4476,7283078,3791218,3727958,4982949
Isle of Man,10/10/2021,5,129494,65485,,
Isle of Man,10/11/2021,,129494,,,
Isle of Man,10/12/2021,,129495,65488,64007,
Isle of Man,10/13/2021,15,129510,65495,64015,
Isle of Man,10/14/2021,15,129525,65504,64021,85411
Isle of Man,10/15/2021,,,,,
Isle of Man,10/16/2021,,,,,
Israel,10/10/2021,29635,15629566,6185075,5685753,
Israel,10/11/2021,24024,15653590,6189200,5688586,
Israel,10/12/2021,21858,15675448,6193039,5691442,
Israel,10/13/2021,18942,15694390,6196326,5693746,
Israel,10/14/2021,22418,15716808,6199925,5696270,
Israel,10/15/2021,11836,15728644,6201411,5697785,
Israel,10/16/2021,5532,15734176,6202114,5698663,8789552
Italy,10/10/2021,84448,86327899,45784621,41710563,
Italy,10/11/2021,179709,86507608,45843991,41793319,
Italy,10/12/2021,184566,86692174,45907316,41873246,
Italy,10/13/2021,197559,86889733,45976799,41956905,
Italy,10/14/2021,216427,87106160,46057387,42042742,
Italy,10/15/2021,209690,87315850,46132787,42130492,
Italy,10/16/2021,165726,87481576,46189156,42208004,60365427
Jamaica,10/10/2021,,836309,551804,319092,
Jamaica,10/11/2021,,836309,,319092,
Jamaica,10/12/2021,,841024,553397,322796,
Jamaica,10/13/2021,5365,846389,555399,326915,
Jamaica,10/14/2021,5673,852062,557884,331097,
Jamaica,10/15/2021,8420,860482,561160,337419,2973332
Jamaica,10/16/2021,,,,,
Japan,10/10/2021,,174631850,93169823,81462027,
Japan,10/11/2021,1068915,175700765,93651522,82049243,
Japan,10/12/2021,1180399,176881164,94051403,82829761,
Japan,10/13/2021,740956,177622120,94311115,83311005,
Japan,10/14/2021,633389,178255509,94599325,83656184,126046888
Japan,10/15/2021,,178255509,,83656184,
Japan,10/16/2021,,178255509,,83656184,
Jersey,10/10/2021,,,,,
Jersey,10/11/2021,,,,,
Jersey,10/12/2021,,,,,
Jersey,10/13/2021,,,,,
Jersey,10/14/2021,,161258,78161,74270,101071
Jersey,10/15/2021,,,,,
Jersey,10/16/2021,,,,,
Jordan,10/10/2021,,,,,
Jordan,10/11/2021,,,,,
Jordan,10/12/2021,,7185258,3799686,3385572,
Jordan,10/13/2021,14033,7199291,3805735,3393556,
Jordan,10/14/2021,13916,7213207,3811704,3401503,
Jordan,10/15/2021,1773,7214980,3812384,3402596,
Jordan,10/16/2021,11645,7226625,3817869,3408756,10269469
Kazakhstan,10/10/2021,38193,14734747,7846324,6888423,
Kazakhstan,10/11/2021,25697,14760444,7859131,6901313,
Kazakhstan,10/12/2021,67110,14827554,7884798,6942756,
Kazakhstan,10/13/2021,70953,14898507,7915434,6983073,
Kazakhstan,10/14/2021,71055,14969562,7947201,7022361,
Kazakhstan,10/15/2021,66162,15035724,7976127,7059597,
Kazakhstan,10/16/2021,65663,15101387,8003776,7097611,18995456
Kenya,10/10/2021,,,,,
Kenya,10/11/2021,,,,,
Kenya,10/12/2021,,4210315,3155222,1055093,
Kenya,10/13/2021,,4210315,,1055093,
Kenya,10/14/2021,,4210315,,1055093,
Kenya,10/15/2021,,4482179,3280011,1202168,
Kenya,10/16/2021,18000,4500179,3291192,1208987,55014414
Kiribati,10/10/2021,,,,,
Kiribati,10/11/2021,,,,,
Kiribati,10/12/2021,,51428,43044,8384,121379
Kiribati,10/13/2021,,,,,
Kiribati,10/14/2021,,,,,
Kiribati,10/15/2021,,,,,
Kiribati,10/16/2021,,,,,
Kosovo,10/10/2021,14905,1447040,823857,623183,
Kosovo,10/11/2021,9805,1456845,824278,632567,
Kosovo,10/12/2021,11307,1468152,826380,641772,
Kosovo,10/13/2021,7952,1476104,827886,648218,
Kosovo,10/14/2021,7156,1483260,828935,654325,
Kosovo,10/15/2021,6418,1489678,830085,659593,
Kosovo,10/16/2021,7730,1497408,831143,666265,1775443
Kyrgyzstan,10/10/2021,6893,1534397,873990,659063,
Kyrgyzstan,10/11/2021,10836,1545233,880003,663856,
Kyrgyzstan,10/12/2021,11366,1556599,886280,668881,
Kyrgyzstan,10/13/2021,8877,1565476,890868,673105,
Kyrgyzstan,10/14/2021,12739,1578215,897838,678770,
Kyrgyzstan,10/15/2021,11449,1589664,904187,683762,
Kyrgyzstan,10/16/2021,3152,1592816,906083,685013,6628448
Laos,10/10/2021,,,3091161,2343258,
Laos,10/11/2021,,,,,
Laos,10/12/2021,,,,,
Laos,10/13/2021,,,,,
Laos,10/14/2021,,,,,
Laos,10/15/2021,,,,,
Laos,10/16/2021,,,,,
Latvia,10/10/2021,3389,1704529,962195,897781,
Latvia,10/11/2021,8826,1713355,969252,902534,
Latvia,10/12/2021,11267,1724622,978361,908294,
Latvia,10/13/2021,13529,1738151,988842,915017,
Latvia,10/14/2021,12520,1750671,999020,921596,
Latvia,10/15/2021,14394,1765065,1011187,928611,
Latvia,10/16/2021,7623,1772688,1017829,932291,1866970
Lebanon,10/10/2021,5566,3026121,1663481,1362640,
Lebanon,10/11/2021,2366,3028487,1664450,1364037,
Lebanon,10/12/2021,6476,3034963,1666521,1368442,
Lebanon,10/13/2021,46720,3081683,1685481,1396202,
Lebanon,10/14/2021,14733,3096416,1691332,1405084,
Lebanon,10/15/2021,11434,3107850,1696183,1411667,
Lebanon,10/16/2021,466,3108316,1696421,1411895,6768981
Lesotho,10/10/2021,,383341,347836,339506,2159668
Lesotho,10/11/2021,,,,,
Lesotho,10/12/2021,,,,,
Lesotho,10/13/2021,,,,,
Lesotho,10/14/2021,,,,,
Lesotho,10/15/2021,,,,,
Lesotho,10/16/2021,,,,,
Libya,10/10/2021,,,,,
Libya,10/11/2021,,,,,
Libya,10/12/2021,,,,,
Libya,10/13/2021,,,,,
Libya,10/14/2021,,1739046,1442286,296760,6958968
Libya,10/15/2021,,,,,
Libya,10/16/2021,,,,,
Liechtenstein,10/10/2021,0,47078,24745,23015,
Liechtenstein,10/11/2021,0,47078,24746,23021,
Liechtenstein,10/12/2021,74,47152,24768,23072,
Liechtenstein,10/13/2021,21,47173,24771,23095,
Liechtenstein,10/14/2021,29,47202,24781,23116,38255
Liechtenstein,10/15/2021,,,,,
Liechtenstein,10/16/2021,,,,,
Lithuania,10/10/2021,462,3274029,1766288,1635142,
Lithuania,10/11/2021,6223,3280252,1768684,1637749,
Lithuania,10/12/2021,5754,3286006,1770882,1639175,
Lithuania,10/13/2021,5970,3291976,1773076,1640486,
Lithuania,10/14/2021,7261,3299237,1775768,1641793,
Lithuania,10/15/2021,8125,3307362,1778962,1643617,
Lithuania,10/16/2021,1202,3308564,1779552,1643920,2689890
Luxembourg,10/10/2021,6,799074,421719,,634791
Luxembourg,10/11/2021,,,,,
Luxembourg,10/12/2021,,,,,
Luxembourg,10/13/2021,,,,,
Luxembourg,10/14/2021,,,,,
Luxembourg,10/15/2021,,,,,
Luxembourg,10/16/2021,,,,,
Macao,10/10/2021,,,,,
Macao,10/11/2021,,,,,
Macao,10/12/2021,,,,,
Macao,10/13/2021,,,,,
Macao,10/14/2021,,,,,
Macao,10/15/2021,,,,,
Macao,10/16/2021,,739977,417135,325440,658402
Malawi,10/10/2021,4621,1115091,867591,508367,
Malawi,10/11/2021,2143,1117234,868390,510239,
Malawi,10/12/2021,5280,1122514,872800,512022,
Malawi,10/13/2021,,1122514,,512022,
Malawi,10/14/2021,,1134986,883863,515519,
Malawi,10/15/2021,7299,1142285,890332,517398,
Malawi,10/16/2021,3135,1145420,892844,518477,19646999
Malaysia,10/10/2021,133050,46584745,24932630,21802213,
Malaysia,10/11/2021,187668,46772413,24986778,21937277,
Malaysia,10/12/2021,211215,46983628,25044654,22092546,
Malaysia,10/13/2021,209277,47192905,25097583,22247947,
Malaysia,10/14/2021,208154,47401059,25140583,22412299,
Malaysia,10/15/2021,175241,47576300,25176863,22542131,
Malaysia,10/16/2021,128406,47704706,25191781,22651939,32775477
Maldives,10/10/2021,859,739914,393133,346781,
Maldives,10/11/2021,988,740902,393344,347558,
Maldives,10/12/2021,1173,742075,393413,348662,
Maldives,10/13/2021,854,742929,393501,349428,
Maldives,10/14/2021,1421,744350,393611,350739,
Maldives,10/15/2021,,744350,,350739,
Maldives,10/16/2021,,744848,393679,351169,543606
Mali,10/10/2021,,,,,
Mali,10/11/2021,,,,,
Mali,10/12/2021,,,,,
Mali,10/13/2021,,,,,
Mali,10/14/2021,,,,,
Mali,10/15/2021,,584773,327313,257460,20884750
Mali,10/16/2021,,,,,
Malta,10/10/2021,1039,840675,423849,423566,
Malta,10/11/2021,1968,842643,424134,423836,
Malta,10/12/2021,2080,844723,424536,424045,
Malta,10/13/2021,1948,846671,424892,424325,
Malta,10/14/2021,1774,848445,425218,424538,
Malta,10/15/2021,2091,850536,425522,424867,
Malta,10/16/2021,1697,852233,425683,425020,514572
Mauritania,10/10/2021,,,,,
Mauritania,10/11/2021,,,,,
Mauritania,10/12/2021,,,,,
Mauritania,10/13/2021,,1298995,711425,587570,4775717
Mauritania,10/14/2021,,,,,
Mauritania,10/15/2021,,,,,
Mauritania,10/16/2021,,,,,
Mauritius,10/10/2021,,,,,
Mauritius,10/11/2021,,,,,
Mauritius,10/12/2021,,,,,
Mauritius,10/13/2021,,,,,
Mauritius,10/14/2021,,1713794,881907,831887,1273439
Mauritius,10/15/2021,,,,,
Mauritius,10/16/2021,,,,,
Mexico,10/10/2021,227123,107381477,66680553,48482445,
Mexico,10/11/2021,540197,107921674,66900796,48874683,
Mexico,10/12/2021,1025505,108947179,67340974,49588993,
Mexico,10/13/2021,,108947179,,49588993,
Mexico,10/14/2021,,110574539,67957153,50772621,
Mexico,10/15/2021,853091,111427630,68350710,51306905,
Mexico,10/16/2021,584198,112011828,68643676,51615810,130261459
Moldova,10/10/2021,3295,1437198,,812959,
Moldova,10/11/2021,,1437198,,812959,
Moldova,10/12/2021,,1441867,,816616,
Moldova,10/13/2021,4170,1446037,,819844,
Moldova,10/14/2021,3491,1449528,,822610,
Moldova,10/15/2021,4772,1454300,,826262,
Moldova,10/16/2021,2092,1456392,,827724,4024295
Mongolia,10/10/2021,,4386477,2252748,2133729,
Mongolia,10/11/2021,548,4387025,2252914,2134111,
Mongolia,10/12/2021,602,4387627,2253082,2134545,
Mongolia,10/13/2021,787,4388414,2253306,2135108,
Mongolia,10/14/2021,588,4389002,2253472,2135530,
Mongolia,10/15/2021,526,4389528,2253658,2135870,3329184
Mongolia,10/16/2021,,4389528,,2135870,
Montenegro,10/10/2021,705,473328,250322,223006,
Montenegro,10/11/2021,2485,475813,250947,224866,
Montenegro,10/12/2021,,475813,,224866,
Montenegro,10/13/2021,,477395,251376,226019,
Montenegro,10/14/2021,1579,478974,251782,227192,
Montenegro,10/15/2021,1848,480822,252330,228492,
Montenegro,10/16/2021,2968,483790,252969,230821,628055
Morocco,10/10/2021,,,,,
Morocco,10/11/2021,,,,,
Morocco,10/12/2021,,,,,
Morocco,10/13/2021,,44069544,23139440,20587049,37343907
Morocco,10/14/2021,,,,,
Morocco,10/15/2021,,,,,
Morocco,10/16/2021,,,,,
Namibia,10/10/2021,,,,,
Namibia,10/11/2021,,,,,
Namibia,10/12/2021,,,,,
Namibia,10/13/2021,,,,,
Namibia,10/14/2021,,482387,292938,219342,2587914
Namibia,10/15/2021,,,,,
Namibia,10/16/2021,,,,,
Nepal,10/10/2021,78927,14653146,8202502,6450644,
Nepal,10/11/2021,127532,14780678,8317902,6462776,
Nepal,10/12/2021,69824,14850502,8381727,6468775,
Nepal,10/13/2021,2275,14852777,8383887,6468890,
Nepal,10/14/2021,4784,14857561,8388402,6469159,29673579
Nepal,10/15/2021,,,,,
Nepal,10/16/2021,,,,,
Netherlands,10/10/2021,,,,,
Netherlands,10/11/2021,,23767664,,,
Netherlands,10/12/2021,,23767664,,,
Netherlands,10/13/2021,,23793422,,,17173167
Netherlands,10/14/2021,,,,,
Netherlands,10/15/2021,,,,,
Netherlands,10/16/2021,,,,,
New Caledonia,10/10/2021,,,,,
New Caledonia,10/11/2021,,,,,
New Caledonia,10/12/2021,,286813,163236,123577,288226
New Caledonia,10/13/2021,,,,,
New Caledonia,10/14/2021,,,,,
New Caledonia,10/15/2021,,,,,
New Caledonia,10/16/2021,,,,,
New Zealand,10/10/2021,42274,5833354,3448136,2385218,
New Zealand,10/11/2021,69236,5902590,3463320,2439270,
New Zealand,10/12/2021,72683,5975273,3480716,2494557,4860712
New Zealand,10/13/2021,,5975273,,2494557,
New Zealand,10/14/2021,,5975273,,2494557,
New Zealand,10/15/2021,,5975273,,2494557,
New Zealand,10/16/2021,,5975273,,2494557,
Niger,10/10/2021,,646086,429471,216615,25139534
Niger,10/11/2021,,,,,
Niger,10/12/2021,,,,,
Niger,10/13/2021,,,,,
Niger,10/14/2021,,,,,
Niger,10/15/2021,,,,,
Niger,10/16/2021,,,,,
Nigeria,10/10/2021,,,,,
Nigeria,10/11/2021,,,,,
Nigeria,10/12/2021,,,,,
Nigeria,10/13/2021,,,,,
Nigeria,10/14/2021,,7478203,5118422,2359781,211248673
Nigeria,10/15/2021,,,,,
Nigeria,10/16/2021,,,,,
North Macedonia,10/10/2021,,1544531,795968,748563,
North Macedonia,10/11/2021,,1544531,,748563,
North Macedonia,10/12/2021,,1544531,,748563,
North Macedonia,10/13/2021,,1544531,,748563,
North Macedonia,10/14/2021,,1554372,798196,756176,
North Macedonia,10/15/2021,2656,1557028,799027,758001,2082702
North Macedonia,10/16/2021,,,,,
Northern Ireland,10/10/2021,669,2534691,1315593,1219098,
Northern Ireland,10/11/2021,1094,2535785,1315825,1219960,
Northern Ireland,10/12/2021,1485,2537270,1316225,1221045,
Northern Ireland,10/13/2021,1043,2538313,1316528,1221785,
Northern Ireland,10/14/2021,1789,2540102,1317005,1223097,
Northern Ireland,10/15/2021,974,2541076,1317277,1223799,
Northern Ireland,10/16/2021,719,2541795,1317336,1224459,1896013
Norway,10/10/2021,8,7876693,4184946,3691747,
Norway,10/11/2021,2998,7879691,4186023,3693668,
Norway,10/12/2021,3814,7883505,4187313,3696192,
Norway,10/13/2021,7517,7891022,4189356,3701666,
Norway,10/14/2021,4746,7895768,4190626,3705142,5465713
Norway,10/15/2021,,,,,
Norway,10/16/2021,,,,,
Oman,10/10/2021,,,,,
Oman,10/11/2021,,5254466,2959586,2294880,5223128
Oman,10/12/2021,,,,,
Oman,10/13/2021,,,,,
Oman,10/14/2021,,,,,
Oman,10/15/2021,,,,,
Oman,10/16/2021,,,,,
Pakistan,10/10/2021,,,,,
Pakistan,10/11/2021,,92597193,64463928,34299139,
Pakistan,10/12/2021,954000,93551193,64947702,34809848,225207494
Pakistan,10/13/2021,,,,,
Pakistan,10/14/2021,,,,,
Pakistan,10/15/2021,,,,,
Pakistan,10/16/2021,,,,,
Palestine,10/10/2021,,2301812,,1176037,5223082
Palestine,10/11/2021,,,,,
Palestine,10/12/2021,,,,,
Palestine,10/13/2021,,,,,
Palestine,10/14/2021,,,,,
Palestine,10/15/2021,,,,,
Palestine,10/16/2021,,,,,
Panama,10/10/2021,5279,5265750,2949561,2312785,
Panama,10/11/2021,6186,5271936,2951452,2316857,
Panama,10/12/2021,,5271936,,2316857,
Panama,10/13/2021,,5277886,2952849,2319720,
Panama,10/14/2021,18194,5296080,2954943,2324259,
Panama,10/15/2021,18600,5314680,2956849,2329139,
Panama,10/16/2021,20270,5334950,2959378,2336653,4381530
Paraguay,10/10/2021,,,,,
Paraguay,10/11/2021,,,,,
Paraguay,10/12/2021,,,,,
Paraguay,10/13/2021,,,,,
Paraguay,10/14/2021,,,,,
Paraguay,10/15/2021,,4926677,2868610,2058067,7219633
Paraguay,10/16/2021,,,,,
Peru,10/10/2021,199373,30504540,17176295,13328245,
Peru,10/11/2021,150016,30654556,17228758,13425798,
Peru,10/12/2021,191978,30846534,17319927,13526607,
Peru,10/13/2021,187907,31034441,17408651,13625790,
Peru,10/14/2021,167739,31202180,17482871,13719309,
Peru,10/15/2021,150601,31352781,17553286,13799495,
Peru,10/16/2021,169184,31521965,17644752,13877213,33360107
Philippines,10/10/2021,,49673491,,23186969,
Philippines,10/11/2021,393099,50066590,,23360489,
Philippines,10/12/2021,409365,50475955,,23538103,
Philippines,10/13/2021,460748,50936703,,23765641,
Philippines,10/14/2021,545360,51482063,,23981240,111048454
Philippines,10/15/2021,,51482063,,23981240,
Philippines,10/16/2021,,51482063,,23981240,
Poland,10/10/2021,,,,,
Poland,10/11/2021,,,,,
Poland,10/12/2021,,38043351,19967292,19648767,
Poland,10/13/2021,8247,38051598,19968901,19651359,
Poland,10/14/2021,,38051598,,19651359,
Poland,10/15/2021,,38252125,20016102,19714288,
Poland,10/16/2021,28808,38280933,20026009,19725793,37797130
Portugal,10/10/2021,,,,,
Portugal,10/11/2021,,16104710,8975593,8782671,10167757
Portugal,10/12/2021,,,,,
Portugal,10/13/2021,,,,,
Portugal,10/14/2021,,,,,
Portugal,10/15/2021,,,,,
Portugal,10/16/2021,,,,,
Qatar,10/10/2021,6334,4767210,,,
Qatar,10/11/2021,,4767210,,,
Qatar,10/12/2021,,4772142,,,
Qatar,10/13/2021,4225,4776367,,,
Qatar,10/14/2021,4423,4780790,,,
Qatar,10/15/2021,5051,4785841,,,
Qatar,10/16/2021,1519,4787360,,,2930559
Romania,10/10/2021,35417,10763280,6130679,5531778,
Romania,10/11/2021,,10763280,,5531778,
Romania,10/12/2021,,10814828,6173120,5566067,
Romania,10/13/2021,,10814828,,5566067,
Romania,10/14/2021,,10933473,6280780,5608781,
Romania,10/15/2021,141148,11074621,6414823,5635136,
Romania,10/16/2021,59472,11134093,6467410,5654687,19127458
Russia,10/10/2021,202225,94491689,49463056,45028633,
Russia,10/11/2021,179503,94671192,49571462,45099730,
Russia,10/12/2021,119385,94790577,49684328,45106249,
Russia,10/13/2021,365653,95156230,49844230,45312000,
Russia,10/14/2021,189240,95345470,49981484,45363986,
Russia,10/15/2021,540022,95885492,50182928,45702564,
Russia,10/16/2021,2700109,98585601,51313594,47272007,145901438
Rwanda,10/10/2021,,3888869,2192888,1695981,
Rwanda,10/11/2021,,3888869,,1695981,
Rwanda,10/12/2021,,3888869,,1695981,
Rwanda,10/13/2021,,3888869,,1695981,
Rwanda,10/14/2021,,4446234,2738816,1707418,
Rwanda,10/15/2021,200743,4646977,2928553,1718424,13277078
Rwanda,10/16/2021,,,,,
Saint Kitts and Nevis,10/10/2021,,,,,
Saint Kitts and Nevis,10/11/2021,,,,,
Saint Kitts and Nevis,10/12/2021,,,,,
Saint Kitts and Nevis,10/13/2021,,,,,
Saint Kitts and Nevis,10/14/2021,,,,,
Saint Kitts and Nevis,10/15/2021,,49318,26249,23069,53549
Saint Kitts and Nevis,10/16/2021,,,,,
Saint Lucia,10/10/2021,,,,,
Saint Lucia,10/11/2021,,,,,
Saint Lucia,10/12/2021,,84304,48051,36253,
Saint Lucia,10/13/2021,495,84799,48222,36577,
Saint Lucia,10/14/2021,,84799,,36577,
Saint Lucia,10/15/2021,,86700,49083,37617,184390
Saint Lucia,10/16/2021,,,,,
Saint Vincent and the Grenadines,10/10/2021,,,,,
Saint Vincent and the Grenadines,10/11/2021,,,,,
Saint Vincent and the Grenadines,10/12/2021,,,,,
Saint Vincent and the Grenadines,10/13/2021,,,,,
Saint Vincent and the Grenadines,10/14/2021,,37377,22811,14566,111275
Saint Vincent and the Grenadines,10/15/2021,,37377,,14566,
Saint Vincent and the Grenadines,10/16/2021,,37377,,14566,
San Marino,10/10/2021,,47302,25084,22218,34011
San Marino,10/11/2021,,,,,
San Marino,10/12/2021,,,,,
San Marino,10/13/2021,,,,,
San Marino,10/14/2021,,,,,
San Marino,10/15/2021,,,,,
San Marino,10/16/2021,,,,,
Sao Tome and Principe,10/10/2021,,,,,
Sao Tome and Principe,10/11/2021,,,,,
Sao Tome and Principe,10/12/2021,,,,,
Sao Tome and Principe,10/13/2021,,102791,75036,27755,223362
Sao Tome and Principe,10/14/2021,,,,,
Sao Tome and Principe,10/15/2021,,,,,
Sao Tome and Principe,10/16/2021,,,,,
Saudi Arabia,10/10/2021,279885,43615548,23684473,19931075,
Saudi Arabia,10/11/2021,237099,43852647,23731270,20121377,
Saudi Arabia,10/12/2021,199465,44052112,23774000,20278112,
Saudi Arabia,10/13/2021,167540,44219652,23810472,20409180,
Saudi Arabia,10/14/2021,154799,44374451,23844426,20530025,
Saudi Arabia,10/15/2021,67064,44441515,23859776,20581739,
Saudi Arabia,10/16/2021,80260,44521775,23878391,20643384,35340352
Scotland,10/10/2021,10130,8125794,4261124,3864670,
Scotland,10/11/2021,6333,8132127,4265755,3866372,
Scotland,10/12/2021,6655,8138782,4270126,3868656,
Scotland,10/13/2021,7832,8146614,4275208,3871406,
Scotland,10/14/2021,6113,8152727,4278937,3873790,
Scotland,10/15/2021,5371,8158098,4282132,3875966,
Scotland,10/16/2021,5795,8163893,4286044,3877849,5465917
Senegal,10/10/2021,,,,,
Senegal,10/11/2021,,,,,
Senegal,10/12/2021,,,,,
Senegal,10/13/2021,,,,,
Senegal,10/14/2021,,1836019,1271021,564998,17191190
Senegal,10/15/2021,,,,,
Senegal,10/16/2021,,,,,
Serbia,10/10/2021,,,,,
Serbia,10/11/2021,,,,,
Serbia,10/12/2021,,6678484,3064730,2933395,6908539
Serbia,10/13/2021,,,,,
Serbia,10/14/2021,,,,,
Serbia,10/15/2021,,,,,
Serbia,10/16/2021,,,,,
Sierra Leone,10/10/2021,,,,,
Sierra Leone,10/11/2021,,,,,
Sierra Leone,10/12/2021,,359091,292239,66852,8142654
Sierra Leone,10/13/2021,,,,,
Sierra Leone,10/14/2021,,,,,
Sierra Leone,10/15/2021,,,,,
Sierra Leone,10/16/2021,,,,,
Singapore,10/10/2021,31424,9670942,4716546,4605568,
Singapore,10/11/2021,35182,9706124,4720530,4609459,
Singapore,10/12/2021,30051,9736175,4724247,4668668,
Singapore,10/13/2021,25953,9762128,4727310,4671695,
Singapore,10/14/2021,25048,9787176,4730374,4674723,
Singapore,10/15/2021,36198,9823374,4733819,4678127,
Singapore,10/16/2021,28651,9852025,4736518,4680794,5896592
Slovakia,10/10/2021,1143,4743633,2471263,2272370,
Slovakia,10/11/2021,3009,4746642,2472587,2274055,
Slovakia,10/12/2021,3236,4749878,2474236,2275642,
Slovakia,10/13/2021,2446,4752324,2475646,2276678,5460559
Slovakia,10/14/2021,,,,,
Slovakia,10/15/2021,,,,,
Slovakia,10/16/2021,,,,,
Slovenia,10/10/2021,239,2174078,1135345,1038733,
Slovenia,10/11/2021,5303,2179381,1135993,1043388,
Slovenia,10/12/2021,5794,2185175,1136915,1048260,
Slovenia,10/13/2021,5352,2190527,1137685,1052842,
Slovenia,10/14/2021,7770,2198297,1138609,1059688,
Slovenia,10/15/2021,5553,2203850,1139405,1064445,
Slovenia,10/16/2021,325,2204175,1139497,1064678,2078626
Solomon Islands,10/10/2021,,,,,
Solomon Islands,10/11/2021,,,,,
Solomon Islands,10/12/2021,,141920,113423,28497,703969
Solomon Islands,10/13/2021,,,,,
Solomon Islands,10/14/2021,,,,,
Solomon Islands,10/15/2021,,,,,
Solomon Islands,10/16/2021,,,,,
Somalia,10/10/2021,,,,,
Somalia,10/11/2021,,,,,
Somalia,10/12/2021,,,,,
Somalia,10/13/2021,,,,,
Somalia,10/14/2021,,599715,341084,258631,16341009
Somalia,10/15/2021,,,,,
Somalia,10/16/2021,,,,,
South Africa,10/10/2021,,,,,
South Africa,10/11/2021,,19041535,13466577,9911989,
South Africa,10/12/2021,,19041535,,9911989,
South Africa,10/13/2021,,19679751,13907243,10218549,
South Africa,10/14/2021,,19679751,,10218549,
South Africa,10/15/2021,,19899964,13929429,10539458,60048172
South Africa,10/16/2021,,19899964,,10539458,
South Korea,10/10/2021,20590,68926182,39932433,30453961,
South Korea,10/11/2021,259815,69185997,40026140,30620206,
South Korea,10/12/2021,706756,69892753,40132878,31221742,
South Korea,10/13/2021,468685,70361438,40190603,31633620,
South Korea,10/14/2021,512832,70874270,40245238,32091616,
South Korea,10/15/2021,810303,71684573,40334625,32812409,
South Korea,10/16/2021,417742,72102315,40398773,33166732,51303768
South Sudan,10/10/2021,,,,,
South Sudan,10/11/2021,,115650,82889,32761,11338236
South Sudan,10/12/2021,,,,,
South Sudan,10/13/2021,,,,,
South Sudan,10/14/2021,,,,,
South Sudan,10/15/2021,,,,,
South Sudan,10/16/2021,,,,,
Spain,10/10/2021,,70822813,37816635,36937743,
Spain,10/11/2021,,70822813,,36937743,
Spain,10/12/2021,,70859558,37830132,36961165,
Spain,10/13/2021,60050,70919608,37846897,36994918,
Spain,10/14/2021,62444,70982052,37868453,37029165,46744849
Spain,10/15/2021,,,,,
Spain,10/16/2021,,,,,
Sri Lanka,10/10/2021,118549,27058302,14698140,12360162,
Sri Lanka,10/11/2021,43755,27102057,14703606,12398451,
Sri Lanka,10/12/2021,95525,27197582,14716712,12480870,
Sri Lanka,10/13/2021,87739,27285321,14731502,12553819,
Sri Lanka,10/14/2021,73558,27358879,14745130,12613749,
Sri Lanka,10/15/2021,53444,27412323,14754334,12657989,
Sri Lanka,10/16/2021,75918,27488241,14767778,12720463,21497022
Suriname,10/10/2021,2778,417831,237707,180124,
Suriname,10/11/2021,,417831,,180124,
Suriname,10/12/2021,,419398,238349,181049,
Suriname,10/13/2021,2250,421648,239246,182402,
Suriname,10/14/2021,1032,422680,239647,183033,
Suriname,10/15/2021,2934,425614,240793,184821,591789
Suriname,10/16/2021,,,,,
Sweden,10/10/2021,,,,,
Sweden,10/11/2021,,,,,
Sweden,10/12/2021,,14028944,7197950,6752103,
Sweden,10/13/2021,37603,14066547,7202248,6766540,
Sweden,10/14/2021,37040,14103587,7205874,6779383,
Sweden,10/15/2021,39376,14142963,7209695,6791114,10160175
Sweden,10/16/2021,,,,,
Switzerland,10/10/2021,3246,10667022,5607812,5208900,
Switzerland,10/11/2021,25164,10692186,5615026,5228214,
Switzerland,10/12/2021,25334,10717520,5622571,5247524,
Switzerland,10/13/2021,32565,10750085,5631525,5272961,
Switzerland,10/14/2021,28594,10778679,5639180,5295433,8715679
Switzerland,10/15/2021,,,,,
Switzerland,10/16/2021,,,,,
Syria,10/10/2021,,,,,
Syria,10/11/2021,,,,,
Syria,10/12/2021,,902519,681791,367744,18269616
Syria,10/13/2021,,,,,
Syria,10/14/2021,,,,,
Syria,10/15/2021,,,,,
Syria,10/16/2021,,,,,
Taiwan,10/10/2021,,,,,
Taiwan,10/11/2021,,18240856,13759882,4480974,
Taiwan,10/12/2021,256500,18497356,13797381,4699975,
Taiwan,10/13/2021,269374,18766730,13980025,4786705,
Taiwan,10/14/2021,259292,19026022,14152139,4873883,
Taiwan,10/15/2021,408997,19435019,14395967,5039052,23855431
Taiwan,10/16/2021,,19435019,,5039052,
Tajikistan,10/10/2021,,4525937,2513950,2011987,9749972
Tajikistan,10/11/2021,,,,,
Tajikistan,10/12/2021,,,,,
Tajikistan,10/13/2021,,,,,
Tajikistan,10/14/2021,,,,,
Tajikistan,10/15/2021,,,,,
Tajikistan,10/16/2021,,,,,
Thailand,10/10/2021,230852,59539624,34782627,23055555,
Thailand,10/11/2021,688481,60228105,35093892,23400992,
Thailand,10/12/2021,805146,61033251,35462170,23796497,
Thailand,10/13/2021,962558,61995809,35895984,24282686,
Thailand,10/14/2021,583994,62579803,36239806,24502527,
Thailand,10/15/2021,1034549,63614352,36721779,25012380,69952004
Thailand,10/16/2021,,,,,
Timor,10/10/2021,,,,,
Timor,10/11/2021,,,,,
Timor,10/12/2021,,810855,495822,315033,1343811
Timor,10/13/2021,,,,,
Timor,10/14/2021,,,,,
Timor,10/15/2021,,,,,
Timor,10/16/2021,,,,,
Tokelau,10/10/2021,,,,,
Tokelau,10/11/2021,,,,,
Tokelau,10/12/2021,,1936,968,968,1369
Tokelau,10/13/2021,,,,,
Tokelau,10/14/2021,,,,,
Tokelau,10/15/2021,,,,,
Tokelau,10/16/2021,,,,,
Trinidad and Tobago,10/10/2021,4697,1143228,596696,546532,
Trinidad and Tobago,10/11/2021,2607,1145835,597951,547884,
Trinidad and Tobago,10/12/2021,7913,1153748,600766,552982,
Trinidad and Tobago,10/13/2021,6425,1160173,603289,556884,
Trinidad and Tobago,10/14/2021,5031,1165204,605384,559820,
Trinidad and Tobago,10/15/2021,4757,1169961,607311,562650,
Trinidad and Tobago,10/16/2021,3878,1173839,609136,564703,1403443
Tunisia,10/10/2021,40832,8471643,5278579,4073857,
Tunisia,10/11/2021,33572,8505215,5294505,4095504,
Tunisia,10/12/2021,35425,8540640,5316244,4113510,
Tunisia,10/13/2021,38526,8579166,5341200,4131734,
Tunisia,10/14/2021,40843,8620009,5369621,4149625,
Tunisia,10/15/2021,20516,8640525,5383728,4161982,
Tunisia,10/16/2021,37508,8678033,5400133,4189084,11935130
Turkey,10/10/2021,135057,112360409,54497626,46245192,
Turkey,10/11/2021,306217,112666626,54565515,46435265,
Turkey,10/12/2021,274468,112941094,54624841,46617072,
Turkey,10/13/2021,242206,113183300,54679606,46775005,
Turkey,10/14/2021,234957,113418257,54734206,46926728,
Turkey,10/15/2021,291276,113709533,54799554,47119099,
Turkey,10/16/2021,152703,113862236,54833779,47226488,85041629
Uganda,10/10/2021,,,,,
Uganda,10/11/2021,,,,,
Uganda,10/12/2021,,,,,
Uganda,10/13/2021,,,,,
Uganda,10/14/2021,,2793657,2378171,415486,47110574
Uganda,10/15/2021,,,,,
Uganda,10/16/2021,,,,,
Ukraine,10/10/2021,39060,13683903,7548871,6135032,
Ukraine,10/11/2021,123230,13807133,7609047,6198086,
Ukraine,10/12/2021,152703,13959836,7688562,6271274,
Ukraine,10/13/2021,164387,14124223,7774484,6349739,
Ukraine,10/14/2021,34897,14159120,7794187,6364933,
Ukraine,10/15/2021,148438,14307558,7873767,6433791,
Ukraine,10/16/2021,82800,14390358,7922413,6467945,43462272
United Arab Emirates,10/10/2021,25314,20479211,9445401,8426682,
United Arab Emirates,10/11/2021,,20479211,,8426682,
United Arab Emirates,10/12/2021,,20479211,,8426682,
United Arab Emirates,10/13/2021,,20552839,9474818,8475907,
United Arab Emirates,10/14/2021,35187,20588026,9484972,8486033,
United Arab Emirates,10/15/2021,31708,20619734,9494889,8505838,
United Arab Emirates,10/16/2021,41271,20661005,,8505838,9991298
United Kingdom,10/10/2021,41557,94376101,49186920,45189181,
United Kingdom,10/11/2021,52804,94428905,49216092,45212813,
United Kingdom,10/12/2021,63793,94492698,49252939,45239759,
United Kingdom,10/13/2021,68207,94560905,49291665,45269240,
United Kingdom,10/14/2021,71480,94632385,49335154,45297231,
United Kingdom,10/15/2021,70195,94702580,49375917,45326663,
United Kingdom,10/16/2021,62482,94765062,49404916,45360146,68205745
United States,10/10/2021,,,,,
United States,10/11/2021,,,,,
United States,10/12/2021,,403576826,217403897,187714829,
United States,10/13/2021,794421,404371247,217627490,187937559,
United States,10/14/2021,1073311,405444558,217953275,188281747,
United States,10/15/2021,1126317,406570875,218318056,188655196,
United States,10/16/2021,876086,407446961,218562924,188902483,336316105
Uruguay,10/10/2021,249,6397739,2742766,2595983,
Uruguay,10/11/2021,7019,6404758,2743921,2598787,
Uruguay,10/12/2021,11486,6416244,2746300,2600247,
Uruguay,10/13/2021,19140,6435384,2747472,2601204,
Uruguay,10/14/2021,22332,6457716,2749018,2602401,
Uruguay,10/15/2021,18131,6475847,2751381,2604607,
Uruguay,10/16/2021,2,6475849,2751381,2604607,3485200
Uzbekistan,10/10/2021,,,,,
Uzbekistan,10/11/2021,,,,,
Uzbekistan,10/12/2021,,,,,
Uzbekistan,10/13/2021,,22721000,,,33937267
Uzbekistan,10/14/2021,,,,,
Uzbekistan,10/15/2021,,,,,
Uzbekistan,10/16/2021,,,,,
Vanuatu,10/10/2021,,,,,
Vanuatu,10/11/2021,,,,,
Vanuatu,10/12/2021,,87583,59215,28368,314482
Vanuatu,10/13/2021,,,,,
Vanuatu,10/14/2021,,,,,
Vanuatu,10/15/2021,,,,,
Vanuatu,10/16/2021,,,,,
Vietnam,10/10/2021,,54279564,38698136,15581428,
Vietnam,10/11/2021,949560,55229124,39088086,16141038,
Vietnam,10/12/2021,1101626,56330750,39837150,16493600,
Vietnam,10/13/2021,1126342,57457092,40654892,16802200,
Vietnam,10/14/2021,1546147,59003239,41811429,17191810,
Vietnam,10/15/2021,,59003239,,17191810,
Vietnam,10/16/2021,,61919937,44070286,17849651,98176530
Wales,10/10/2021,6004,4630650,2400694,2229956,
Wales,10/11/2021,1795,4632445,2401771,2230674,
Wales,10/12/2021,2570,4635015,2403211,2231804,
Wales,10/13/2021,2189,4637204,2404237,2232967,
Wales,10/14/2021,1904,4639108,2405335,2233773,
Wales,10/15/2021,2586,4641694,2406747,2234947,
Wales,10/16/2021,5793,4647487,2412040,2235447,3169966
Wallis and Futuna,10/10/2021,,,,,
Wallis and Futuna,10/11/2021,,,,,
Wallis and Futuna,10/12/2021,,11009,5749,5260,11095
Wallis and Futuna,10/13/2021,,,,,
Wallis and Futuna,10/14/2021,,,,,
Wallis and Futuna,10/15/2021,,,,,
Wallis and Futuna,10/16/2021,,,,,
Zambia,10/10/2021,,,,,
Zambia,10/11/2021,,802043,,462835,
Zambia,10/12/2021,7945,809988,,468818,
Zambia,10/13/2021,8535,818523,,474970,
Zambia,10/14/2021,8824,827347,,481342,
Zambia,10/15/2021,8752,836099,,487528,
Zambia,10/16/2021,7248,843347,,492678,18909126
Zimbabwe,10/10/2021,9206,5581524,3171399,2410125,
Zimbabwe,10/11/2021,13284,5594808,3176445,2418363,
Zimbabwe,10/12/2021,17668,5612476,3183015,2429461,
Zimbabwe,10/13/2021,20058,5632534,3190977,2441557,
Zimbabwe,10/14/2021,21733,5654267,3200122,2454145,
Zimbabwe,10/15/2021,20471,5674738,3208175,2466563,
Zimbabwe,10/16/2021,13220,5687958,3214178,2473780,15091425
